,id,converted,time_seconds,treatment
count,290584.0,290584.0,290584.0,290584.0
mean,788004.8762216778,0.11959708724499628,1803.2188368939794,0.5000619442226688
std,91224.73546788243,0.3244903485783769,1038.0302687777005,0.5000008565015531
min,630000.0,0.0,0.0,0.0
25%,709034.75,0.0,905.3,0.0
50%,787995.5,0.0,1803.6,1.0
75%,866956.25,0.0,2701.6,1.0
max,945999.0,1.0,3599.9,1.0
