con_treat,count,sum,mean,conversion_rate
control,145274,17489,0.1203863045004612,0.1203863045004612
treatment,145310,17264,0.11880806551510564,0.11880806551510564
