time_bin,control,treatment
Bin_0,0.12348786798126005,0.11805745554035568
Bin_1,0.12260113212757145,0.11986681465038845
Bin_2,0.11936874304783092,0.11216188025867464
Bin_3,0.12086776859504132,0.12049927988478157
Bin_4,0.11892695452395433,0.11869784123042969
Bin_5,0.11991464170165898,0.12363034939011784
Bin_6,0.11908217568594927,0.12053816584294344
Bin_7,0.12231438672831112,0.1193135385453555
Bin_8,0.11713070909340283,0.11510642694771647
Bin_9,0.12022347910056559,0.12014037019197688
