,control_rate,treatment_rate,effect,p_value,sample_size
Q1,0.12274158793303497,0.11819727891156463,-0.004544309021470336,0.05989845135432027,72654.0
Q2,0.11934687156970362,0.1174520744710237,-0.001894797098679929,0.4293349861319792,72642.0
Q3,0.12017096373914242,0.1220142382012589,0.001843274462116476,0.44639746181190487,72646.0
Q4,0.11929834208572763,0.11755948278238813,-0.0017388593033395017,0.46831838558581007,72642.0
